{
  "train_loss": [
    4.068146050121939,
    3.1044427971171356,
    2.5819551245899506,
    2.263944664290316,
    2.0190494547952484,
    1.8322151275046814,
    1.6960668906853382,
    1.582555733835866,
    1.5140337751269282,
    1.4248023610261806,
    1.3619866165581365,
    1.2956263171094886,
    1.271490109566659,
    1.2156664958859749,
    1.1746877515147125,
    1.1424863849201026,
    1.1147164122675126,
    1.0867246045796068,
    1.0538043148295146,
    1.0210498792693041,
    0.987692869519046,
    0.9694898297976562,
    0.9654439691514228,
    0.926159370947187,
    0.9268747092341585,
    0.8983060871617178,
    0.902341881727788,
    0.8658077641994009,
    0.8595162628334094,
    0.8610512344908237,
    0.8294881655637614,
    0.827953904124662,
    0.8232270357488829,
    0.8074639767452048,
    0.7819797475278581
  ],
  "val_loss": [
    3.4839534632566793,
    2.8804586847992018,
    2.496880019532219,
    2.2329771491918673,
    2.0415667822492605,
    1.8944242005821084,
    1.7774404220366746,
    1.6827537346072585,
    1.60681236471615,
    1.5326183514881553,
    1.472659107819964,
    1.4258306842346453,
    1.386033837947836,
    1.3420524991426341,
    1.3076535212917915,
    1.2703400853207825,
    1.2422336934541107,
    1.2123320587215973,
    1.1962479484564628,
    1.1656984147876428,
    1.147411096719165,
    1.1257814569594398,
    1.1102901751900744,
    1.0999228904232143,
    1.0785080198549792,
    1.064125932887757,
    1.049622169749936,
    1.0374006678782035,
    1.0244032858521053,
    1.0148333499765885,
    1.001872998304232,
    0.9913053171309717,
    0.9717347242218375,
    0.9673244901907753,
    0.9614437385250664
  ],
  "test_loss": [
    3.5003794729709625,
    2.909596871584654,
    2.5174734592437744,
    2.260983418673277,
    2.0683470722287893,
    1.9278462752699852,
    1.8097683601081371,
    1.7180705983191729,
    1.63985741045326,
    1.5685918685048819,
    1.50888632517308,
    1.4624009672552347,
    1.42300695925951,
    1.3790069222450256,
    1.3421424692496657,
    1.3055681446567178,
    1.279233886860311,
    1.2509126793593168,
    1.2328136209398508,
    1.1994411572813988,
    1.1841485798358917,
    1.1656342903152108,
    1.1535448068752885,
    1.13817326631397,
    1.1175801102072,
    1.1008945042267442,
    1.0870489357039332,
    1.0746854883618653,
    1.060489750932902,
    1.049960435833782,
    1.0404843585565686,
    1.0286734863184392,
    1.0143952555954456,
    1.0065787211060524,
    1.0036034677177668
  ],
  "train_acc": [
    0.11358085002442599,
    0.3356130923302394,
    0.46726917440156324,
    0.530532486565706,
    0.5850024425989253,
    0.622618466047875,
    0.6431362970200293,
    0.6614557889594529,
    0.673180263800684,
    0.6900341963849536,
    0.7034684904738642,
    0.7195896433805569,
    0.7181240840254031,
    0.7293600390815828,
    0.723742061553493,
    0.7352222765021983,
    0.7383976551050317,
    0.747923790913532,
    0.7489008304836345,
    0.7572056668295066,
    0.765266243282853,
    0.7774792379091353,
    0.7740595994137762,
    0.7765021983390328,
    0.777723497801661,
    0.7794333170493405,
    0.7804103566194431,
    0.7889594528578407,
    0.794333170493405,
    0.7872496336101612,
    0.7967757694186615,
    0.7938446507083536,
    0.7994626282364435,
    0.8001954079140206,
    0.8087445041524182
  ],
  "val_acc": [
    0.3214460185637518,
    0.44553004396678064,
    0.5266243282852956,
    0.5842696629213483,
    0.6170004885197851,
    0.6306790425012213,
    0.6472887151929653,
    0.6614557889594529,
    0.6663409868099658,
    0.6775769418661456,
    0.688324377137274,
    0.6907669760625306,
    0.6922325354176844,
    0.7029799706888129,
    0.709819247679531,
    0.7112848070346849,
    0.714704445530044,
    0.7195896433805569,
    0.7254518808011724,
    0.7322911577918906,
    0.7274059599413776,
    0.7293600390815828,
    0.7332681973619931,
    0.7342452369320958,
    0.73961895456766,
    0.7459697117733268,
    0.7518319491939424,
    0.7498778700537372,
    0.7532975085490963,
    0.7518319491939424,
    0.7557401074743527,
    0.7552515876893015,
    0.756228627259404,
    0.7625793844650708,
    0.7591597459697118
  ],
  "test_acc": [
    0.30712890625,
    0.42236328125,
    0.51220703125,
    0.5771484375,
    0.60205078125,
    0.6181640625,
    0.64111328125,
    0.654296875,
    0.6650390625,
    0.67431640625,
    0.693359375,
    0.69482421875,
    0.7021484375,
    0.703125,
    0.70263671875,
    0.71728515625,
    0.71826171875,
    0.7236328125,
    0.72265625,
    0.73193359375,
    0.73388671875,
    0.73681640625,
    0.7412109375,
    0.73291015625,
    0.7421875,
    0.74365234375,
    0.7451171875,
    0.74560546875,
    0.74951171875,
    0.75048828125,
    0.7548828125,
    0.7529296875,
    0.751953125,
    0.76416015625,
    0.75732421875
  ],
  "learning_rate": [
    0.0001,
    0.0001,
    0.0001,
    0.0001,
    0.0001,
    0.0001,
    0.0001,
    0.0001,
    0.0001,
    0.0001,
    0.0001,
    0.0001,
    0.0001,
    0.0001,
    0.0001,
    0.0001,
    0.0001,
    0.0001,
    0.0001,
    0.0001,
    0.0001,
    0.0001,
    0.0001,
    0.0001,
    0.0001,
    0.0001,
    0.0001,
    0.0001,
    0.0001,
    0.0001,
    0.0001,
    0.0001,
    0.0001,
    0.0001,
    0.0001
  ]
}