{
  "train_loss": [
    3.144832453555343,
    1.3604126339373381,
    0.8579429803415223,
    0.6324333315601451,
    0.4731306576064929,
    0.35979232449734216,
    0.3036061050647867,
    0.23741519550870674,
    0.22947697340714157,
    0.18900892946506978,
    0.15149430852359716,
    0.13017987961820351,
    0.12409191921127675,
    0.11163286340814657,
    0.09097737062251096,
    0.09365404188145238,
    0.06904229482442038
  ],
  "val_loss": [
    1.5717115894316696,
    0.9498986459151092,
    0.7737753098338304,
    0.6456735157128014,
    0.6027420621763862,
    0.5875326099195419,
    0.5879141576533558,
    0.5395715994606615,
    0.5612325447620156,
    0.5072497471577374,
    0.5294695491026714,
    0.5340553796984361,
    0.5428815457840692,
    0.5485258011277501,
    0.5319511685129137,
    0.5344572240513129,
    0.5831538329021955
  ],
  "test_loss": [
    1.6156436707824469,
    0.9625629964284599,
    0.7844459651969373,
    0.661394790513441,
    0.6208522650413215,
    0.6244167739059776,
    0.60613749967888,
    0.5580016700550914,
    0.54768429370597,
    0.5317487843567505,
    0.5338816620642319,
    0.5575252417474985,
    0.5618864216376096,
    0.5831819501472637,
    0.533176822878886,
    0.5502276459010318,
    0.6090483022271655
  ],
  "train_acc": [
    0.28651685393258425,
    0.6411822178798241,
    0.7586712261846604,
    0.8190034196384953,
    0.8624816805080606,
    0.8898387884709331,
    0.9108451392281387,
    0.9286761113825109,
    0.9303859306301905,
    0.9435759648265755,
    0.9555446995603322,
    0.9616511968734733,
    0.961895456765999,
    0.9650708353688324,
    0.97361993160723,
    0.9721543722520762,
    0.9804592085979482
  ],
  "val_acc": [
    0.6116267708842208,
    0.7537860283341475,
    0.7830972154372252,
    0.8216902784562775,
    0.8334147532975086,
    0.8314606741573034,
    0.8343917928676111,
    0.8519785051294577,
    0.8446507083536883,
    0.8500244259892525,
    0.8549096238397655,
    0.8539325842696629,
    0.8544211040547142,
    0.8534440644846116,
    0.8622374206155349,
    0.8578407425500733,
    0.8607718612603811
  ],
  "test_acc": [
    0.60986328125,
    0.748046875,
    0.787109375,
    0.8193359375,
    0.8330078125,
    0.83837890625,
    0.83642578125,
    0.85400390625,
    0.85791015625,
    0.85205078125,
    0.86572265625,
    0.85986328125,
    0.85400390625,
    0.84912109375,
    0.86083984375,
    0.8662109375,
    0.84912109375
  ]
}