{
  "train_loss": [
    4.284773863287862,
    3.639036061417841,
    3.1211093618162797,
    2.6929404198628375,
    2.3333288770684044,
    2.036424311883402,
    1.8005396708897048,
    1.6045970931889433,
    1.4538597393222243,
    1.3200471121681336,
    1.1961959785057035,
    1.1111403805602744,
    1.023438804546798,
    0.9476064821831703,
    0.8889239368406109,
    0.8401521307757033,
    0.7908430048821901,
    0.751056398947063,
    0.7123445016206854,
    0.6740400426173478,
    0.6439466156433079,
    0.617589955074821,
    0.5902459213776767,
    0.5688120647354946,
    0.541671890163049,
    0.5244473922701073,
    0.49984196659758084,
    0.48940097752814765,
    0.46148491409503956,
    0.45070836084845245,
    0.4406817847481575,
    0.41515792851687994,
    0.40672340753256664,
    0.3921569062694434,
    0.38497726168641827
  ],
  "val_loss": [
    3.9426176516556657,
    3.388113496707717,
    2.910452520317372,
    2.534097613505637,
    2.2277971338981177,
    1.9968713937180766,
    1.7836870224695993,
    1.5873928194693605,
    1.4543521941785529,
    1.3705460554108015,
    1.2523588758593487,
    1.1587495496346418,
    1.101113225520385,
    1.0361917752082836,
    0.9696331707279334,
    0.9407603442523325,
    0.8875756682450444,
    0.85739883219957,
    0.8172458234098869,
    0.7894707956311757,
    0.7540995170269935,
    0.7456194317276791,
    0.7080937010751565,
    0.6828386252777834,
    0.67139446572321,
    0.6527462078119175,
    0.6642542169568127,
    0.6247415132329239,
    0.6068999722170492,
    0.6014051723025983,
    0.5861485327635384,
    0.5752184492643717,
    0.5615332893295643,
    0.5703717078240138,
    0.553932339462584
  ],
  "test_loss": [
    3.9027535393834114,
    3.3417711555957794,
    2.86508696898818,
    2.4814467318356037,
    2.1786696650087833,
    1.9491150062531233,
    1.7371463235467672,
    1.5453097764402628,
    1.4112637601792812,
    1.3298281040042639,
    1.20911661721766,
    1.116199011914432,
    1.0606397483497858,
    0.9942656718194485,
    0.9240439618006349,
    0.9032722292467952,
    0.8501085955649614,
    0.8105165269225836,
    0.7747782627120614,
    0.7488971576094627,
    0.7129004076123238,
    0.702730430290103,
    0.6698748064227402,
    0.639253624714911,
    0.6342900549061596,
    0.6141834352165461,
    0.6201650947332382,
    0.5780140208080411,
    0.5634125485084951,
    0.5576028935611248,
    0.5407764711417258,
    0.5286034373566508,
    0.5146083235740662,
    0.5294686793349683,
    0.5121874338947237
  ],
  "train_acc": [
    0.09306301905227161,
    0.2882266731802638,
    0.46213971665852466,
    0.5818270639960919,
    0.6702491450903761,
    0.7171470444553004,
    0.7716170004885198,
    0.8045920859794822,
    0.8212017586712261,
    0.8392769907181241,
    0.8558866634098681,
    0.8649242794333171,
    0.8771372740595994,
    0.8817782120175867,
    0.8832437713727406,
    0.8957010258915487,
    0.9032730825598436,
    0.9044943820224719,
    0.9096238397655105,
    0.912066438690767,
    0.9169516365412799,
    0.9218368343917929,
    0.9235466536394724,
    0.9235466536394724,
    0.9262335124572545,
    0.9306301905227161,
    0.9340498290180752,
    0.9325842696629213,
    0.9364924279433317,
    0.9401563263312164,
    0.9333170493404983,
    0.9408891060087934,
    0.9425989252564729,
    0.9465070835368833,
    0.945285784074255
  ],
  "val_acc": [
    0.2076209086468002,
    0.3463605276013679,
    0.5168539325842697,
    0.5994137762579385,
    0.6585246702491451,
    0.6976062530532486,
    0.7381533952125061,
    0.7738153395212506,
    0.797752808988764,
    0.8114313629702002,
    0.8290180752320468,
    0.8255984367366879,
    0.8314606741573034,
    0.8466047874938935,
    0.8475818270639961,
    0.8529555446995604,
    0.8568637029799707,
    0.8558866634098681,
    0.8685881778212018,
    0.8685881778212018,
    0.870542256961407,
    0.865657059110894,
    0.8749389350268686,
    0.8754274548119199,
    0.8768930141670738,
    0.8764044943820225,
    0.8778700537371763,
    0.8817782120175867,
    0.8768930141670738,
    0.8817782120175867,
    0.8808011724474841,
    0.8842208109428432,
    0.8866634098680997,
    0.885686370297997,
    0.882266731802638
  ],
  "test_acc": [
    0.21630859375,
    0.37451171875,
    0.552734375,
    0.63427734375,
    0.673828125,
    0.72265625,
    0.765625,
    0.78955078125,
    0.81396484375,
    0.826171875,
    0.84130859375,
    0.845703125,
    0.8466796875,
    0.857421875,
    0.86572265625,
    0.86376953125,
    0.87646484375,
    0.8701171875,
    0.87646484375,
    0.8701171875,
    0.8798828125,
    0.87646484375,
    0.8896484375,
    0.89306640625,
    0.88720703125,
    0.888671875,
    0.88818359375,
    0.8984375,
    0.8935546875,
    0.89501953125,
    0.89990234375,
    0.8984375,
    0.90087890625,
    0.8974609375,
    0.90380859375
  ],
  "learning_rate": [
    0.0001,
    0.0001,
    0.0001,
    0.0001,
    0.0001,
    0.0001,
    0.0001,
    0.0001,
    0.0001,
    0.0001,
    0.0001,
    0.0001,
    0.0001,
    0.0001,
    0.0001,
    0.0001,
    0.0001,
    0.0001,
    0.0001,
    0.0001,
    0.0001,
    0.0001,
    0.0001,
    0.0001,
    0.0001,
    0.0001,
    0.0001,
    0.0001,
    0.0001,
    0.0001,
    0.0001,
    0.0001,
    0.0001,
    0.0001,
    0.0001
  ]
}