{
  "train_loss": [
    4.543310758015791,
    4.27392371526624,
    4.021277805509134,
    3.778734236504313,
    3.545084900313258,
    3.3361962532263356,
    3.1430195420325298,
    2.960924642518141,
    2.7767499996850593,
    2.631280972541805,
    2.4824264940542307,
    2.3526880544281377,
    2.2332710559390265,
    2.134655794167903,
    2.013675983906025,
    1.9197535390788658,
    1.8317448044615252,
    1.7579749032352747,
    1.6715044125033753,
    1.6066672596398015,
    1.5362841359684976,
    1.494441364996015,
    1.4191245673398127,
    1.3741645023306812,
    1.3197915526675665,
    1.2663204674611281,
    1.230848081530043,
    1.1985769827422947,
    1.1480045198054796,
    1.119940544257935
  ],
  "val_loss": [
    4.389027464838219,
    4.12456297839509,
    3.886847933735216,
    3.661197484034588,
    3.4427429109768104,
    3.2401698170258,
    3.0518459408354284,
    2.8761589012323032,
    2.7147842461036715,
    2.5722140440081294,
    2.4383734242765858,
    2.3156873327263634,
    2.2058952561692022,
    2.098688104645357,
    2.0071385610260846,
    1.918856068011546,
    1.8333945783336512,
    1.7594184139384021,
    1.6951504808900177,
    1.6291827677981587,
    1.5751524927794323,
    1.5145695288121903,
    1.4619402929696446,
    1.4134408700856338,
    1.372205096684145,
    1.3327998981047213,
    1.290752057977927,
    1.2546471143619107,
    1.2224183323678006,
    1.1947978279563818
  ],
  "test_loss": [
    4.38832101225853,
    4.120357029139996,
    3.8778230920434,
    3.6474449895322323,
    3.4254574589431286,
    3.2204041369259357,
    3.0273590236902237,
    2.84947157651186,
    2.6864589415490627,
    2.5408318117260933,
    2.4054034762084484,
    2.2811320703476667,
    2.1706995088607073,
    2.062849035486579,
    1.970742927864194,
    1.881603168323636,
    1.7958681713789701,
    1.721864115446806,
    1.6570157781243324,
    1.5902179088443518,
    1.5358942113816738,
    1.4749955795705318,
    1.4231816995888948,
    1.3743530344218016,
    1.3330553332343698,
    1.2936953585594893,
    1.2513066790997982,
    1.2155258916318417,
    1.1832792200148106,
    1.154583916068077
  ],
  "train_acc": [
    0.03297508549096238,
    0.1431362970200293,
    0.29775280898876405,
    0.4230581338544211,
    0.5180752320468979,
    0.5600879335613093,
    0.5996580361504641,
    0.634342940889106,
    0.6575476306790425,
    0.672447484123107,
    0.6868588177821202,
    0.7171470444553004,
    0.7283829995114802,
    0.7383976551050317,
    0.7608695652173914,
    0.7740595994137762,
    0.7799218368343918,
    0.7813873961895457,
    0.7914020517830972,
    0.8011724474841231,
    0.8165608207132389,
    0.8111871030776746,
    0.8336590131900342,
    0.831704934049829,
    0.8431851489985345,
    0.8495359062042013,
    0.844162188568637,
    0.8497801660967269,
    0.8549096238397655,
    0.8549096238397655
  ],
  "val_acc": [
    0.08158280410356619,
    0.2564728871519297,
    0.39276990718124083,
    0.4846116267708842,
    0.5344406448461163,
    0.5701025891548608,
    0.5974596971177333,
    0.6209086468001954,
    0.6409379579872985,
    0.655105031753786,
    0.6702491450903761,
    0.6844162188568637,
    0.6917440156326331,
    0.7024914509037616,
    0.7073766487542745,
    0.7142159257449927,
    0.7220322423058134,
    0.7298485588666341,
    0.7391304347826086,
    0.743038593063019,
    0.7513434294088911,
    0.7616023448949683,
    0.7699071812408402,
    0.7752808988764045,
    0.7821201758671226,
    0.7889594528578407,
    0.7953102100635075,
    0.7987298485588666,
    0.8006839276990718,
    0.8011724474841231
  ],
  "test_acc": [
    0.0859375,
    0.2626953125,
    0.40087890625,
    0.4892578125,
    0.54052734375,
    0.57958984375,
    0.60498046875,
    0.626953125,
    0.64599609375,
    0.6611328125,
    0.67529296875,
    0.685546875,
    0.69921875,
    0.70947265625,
    0.72265625,
    0.736328125,
    0.748046875,
    0.751953125,
    0.75927734375,
    0.76513671875,
    0.77392578125,
    0.78466796875,
    0.7890625,
    0.796875,
    0.80322265625,
    0.8076171875,
    0.8134765625,
    0.8173828125,
    0.82080078125,
    0.822265625
  ],
  "learning_rate": [
    5e-05,
    5e-05,
    5e-05,
    5e-05,
    5e-05,
    5e-05,
    5e-05,
    5e-05,
    5e-05,
    5e-05,
    5e-05,
    5e-05,
    5e-05,
    5e-05,
    5e-05,
    5e-05,
    5e-05,
    5e-05,
    5e-05,
    5e-05,
    5e-05,
    5e-05,
    5e-05,
    5e-05,
    5e-05,
    5e-05,
    5e-05,
    5e-05,
    5e-05,
    5e-05
  ]
}