{
  "train_loss": [
    4.257964869505263,
    3.6168688303328285,
    3.0968491230933446,
    2.655125179696095,
    2.297121991631341,
    2.0138278755841164,
    1.7705088302922587,
    1.5824151937706503,
    1.4187678529625702,
    1.297209282531701,
    1.18514133571239,
    1.0976057538010169,
    1.0162268157231267,
    0.9369273699954712,
    0.8726707180069316,
    0.8211974181602452,
    0.7906446135154747,
    0.7434735669703034,
    0.6959766562123618,
    0.6685340583586494,
    0.638998249477448,
    0.6071591012409157,
    0.5839082595774413,
    0.5591149704888441,
    0.5373354429259903,
    0.5174567445231811,
    0.49673721840687945,
    0.48994134339578105,
    0.46047695505951,
    0.4416844667198021,
    0.42939885122984517,
    0.4243168671013497,
    0.4049342145236108,
    0.3931566494438319,
    0.3810538627574895
  ],
  "val_loss": [
    3.884407131510009,
    3.320441048029987,
    2.856851126196097,
    2.4664946335027085,
    2.1829240779848758,
    1.9065170939165497,
    1.723930081508191,
    1.5444061237250413,
    1.4420654494178895,
    1.2880928688184423,
    1.2111617546868896,
    1.1509471404942642,
    1.0774993245404816,
    1.0082665016782768,
    0.9623206904531981,
    0.8988729681570354,
    0.8600264555894286,
    0.8228645409731732,
    0.7963290005470988,
    0.7700418513695904,
    0.7358991535454188,
    0.6978606168502822,
    0.6835029554413654,
    0.6672871503296514,
    0.6589038708062072,
    0.6369360960805247,
    0.6254251942613618,
    0.5956477518482329,
    0.5819008647376407,
    0.5670301073285854,
    0.5629709683282235,
    0.5592104659525429,
    0.5413387987342297,
    0.5192662470213774,
    0.5357703907232373
  ],
  "test_loss": [
    3.9039184860885143,
    3.341318864375353,
    2.88473954051733,
    2.4998903051018715,
    2.207187693566084,
    1.9328132383525372,
    1.7319087069481611,
    1.5537733919918537,
    1.4528439678251743,
    1.2902145273983479,
    1.2145274747163057,
    1.1546018570661545,
    1.0799014810472727,
    1.0110704842954874,
    0.9656158173456788,
    0.9071513302624226,
    0.8609127467498183,
    0.8221414145082235,
    0.8023983631283045,
    0.7674386035650969,
    0.7410285859368742,
    0.6968095214106143,
    0.6937898281030357,
    0.6675604553893209,
    0.6691155307926238,
    0.6460755793377757,
    0.6319024041295052,
    0.6010985975153744,
    0.587078211363405,
    0.5740477726794779,
    0.5735483653843403,
    0.5708706895820796,
    0.5412900089286268,
    0.5236990978009999,
    0.5460276897065341
  ],
  "train_acc": [
    0.09843673668783585,
    0.29995114802149486,
    0.4777723497801661,
    0.5989252564728872,
    0.6775769418661456,
    0.7283829995114802,
    0.7623351245725452,
    0.7957987298485588,
    0.8243771372740596,
    0.8365901319003419,
    0.84904738641915,
    0.8641914997557401,
    0.8639472398632144,
    0.8812896922325354,
    0.8937469467513435,
    0.9005862237420615,
    0.8964338055691256,
    0.9003419638495359,
    0.907181240840254,
    0.9093795798729849,
    0.9171958964338056,
    0.9186614557889594,
    0.9208597948216902,
    0.9255007327796776,
    0.9272105520273571,
    0.9230581338544211,
    0.9298974108451392,
    0.929408891060088,
    0.9360039081582804,
    0.9416218856863703,
    0.9394235466536395,
    0.9379579872984856,
    0.9418661455788959,
    0.9440644846116267,
    0.9457743038593063
  ],
  "val_acc": [
    0.20859794821690278,
    0.4044943820224719,
    0.5368832437713728,
    0.6018563751831949,
    0.6497313141182218,
    0.7176355642403517,
    0.7557401074743527,
    0.776257938446507,
    0.7874938935026868,
    0.8133854421104054,
    0.8202247191011236,
    0.8285295554469956,
    0.8343917928676111,
    0.8470933072789448,
    0.8480703468490474,
    0.8578407425500733,
    0.8646800195407914,
    0.8661455788959452,
    0.8666340986809966,
    0.8695652173913043,
    0.8764044943820225,
    0.877381533952125,
    0.8851978505129457,
    0.8832437713727406,
    0.8876404494382022,
    0.885686370297997,
    0.8851978505129457,
    0.8900830483634588,
    0.8871519296531509,
    0.8910600879335613,
    0.8876404494382022,
    0.8881289692232536,
    0.8847093307278945,
    0.8983878847093307,
    0.8925256472887152
  ],
  "test_acc": [
    0.18505859375,
    0.3994140625,
    0.537109375,
    0.61328125,
    0.66162109375,
    0.7236328125,
    0.77490234375,
    0.7890625,
    0.79052734375,
    0.8203125,
    0.82861328125,
    0.83740234375,
    0.84716796875,
    0.85009765625,
    0.8515625,
    0.8623046875,
    0.8603515625,
    0.8671875,
    0.869140625,
    0.873046875,
    0.869140625,
    0.87841796875,
    0.87646484375,
    0.87939453125,
    0.87451171875,
    0.87744140625,
    0.87548828125,
    0.88330078125,
    0.88330078125,
    0.88037109375,
    0.8857421875,
    0.88232421875,
    0.89111328125,
    0.8916015625,
    0.88427734375
  ],
  "learning_rate": [
    0.0001,
    0.0001,
    0.0001,
    0.0001,
    0.0001,
    0.0001,
    0.0001,
    0.0001,
    0.0001,
    0.0001,
    0.0001,
    0.0001,
    0.0001,
    0.0001,
    0.0001,
    0.0001,
    0.0001,
    0.0001,
    0.0001,
    0.0001,
    0.0001,
    0.0001,
    0.0001,
    0.0001,
    0.0001,
    0.0001,
    0.0001,
    0.0001,
    0.0001,
    0.0001,
    0.0001,
    0.0001,
    0.0001,
    0.0001,
    0.0001
  ]
}