{
  "train_loss": [
    3.120918771669698,
    1.3546048540514624,
    0.8601917461121321,
    0.6295031242301887,
    0.43789024964797535,
    0.3623422398238748,
    0.3022699573590922,
    0.20880064922946806,
    0.22580580614984005,
    0.1718709150180912,
    0.15968945925271855,
    0.13201478678363676,
    0.1416910291082054,
    0.11156908950109161,
    0.09453695090546746,
    0.09238272756119734,
    0.08347308138520997
  ],
  "val_loss": [
    1.5443383642214359,
    0.9865934283895265,
    0.809371680035845,
    0.7129489563707614,
    0.6383889011481825,
    0.6341962616328326,
    0.6116612477307211,
    0.5597780064134174,
    0.6057241285755742,
    0.5468730303387439,
    0.5994157614973503,
    0.6038879055946584,
    0.5762251693560662,
    0.58777918967609,
    0.5935113025573503,
    0.660654277308254,
    0.6491146492678536
  ],
  "test_loss": [
    1.471892504952848,
    0.916456506587565,
    0.783376881852746,
    0.6547774777282029,
    0.568351385416463,
    0.5391987392213196,
    0.5509697734378278,
    0.483401843579486,
    0.5123789317440242,
    0.4875492232386023,
    0.5221919231116772,
    0.5061126172076911,
    0.47469099302543327,
    0.49613936711102724,
    0.5020678560249507,
    0.5467250555520877,
    0.5522111995378509
  ],
  "train_acc": [
    0.298485588666341,
    0.6289692232535418,
    0.765266243282853,
    0.82266731802638,
    0.8707865168539326,
    0.8895945285784074,
    0.9135319980459209,
    0.9386907669760626,
    0.9255007327796776,
    0.9489496824621397,
    0.9538348803126526,
    0.9599413776257938,
    0.95847581827064,
    0.9636052760136785,
    0.9699560332193454,
    0.9711773326819736,
    0.9772838299951148
  ],
  "val_acc": [
    0.6082071323888617,
    0.747923790913532,
    0.7816316560820713,
    0.8045920859794822,
    0.824132877381534,
    0.8295065950170982,
    0.8348803126526624,
    0.8549096238397655,
    0.8397655105031754,
    0.8534440644846116,
    0.835857352222765,
    0.8426966292134831,
    0.8466047874938935,
    0.84904738641915,
    0.8534440644846116,
    0.8382999511480215,
    0.8382999511480215
  ],
  "test_acc": [
    0.63232421875,
    0.755859375,
    0.78564453125,
    0.8173828125,
    0.84033203125,
    0.85498046875,
    0.84521484375,
    0.8662109375,
    0.85400390625,
    0.8681640625,
    0.8603515625,
    0.865234375,
    0.8720703125,
    0.87158203125,
    0.8642578125,
    0.86083984375,
    0.85546875
  ]
}