{
  "train_loss": [
    4.072308986782154,
    3.1210836446395898,
    2.609097001723796,
    2.2733851943181445,
    2.033775044116499,
    1.8665406907192952,
    1.7237401872247269,
    1.616697479121325,
    1.5338221372018281,
    1.4429916664048061,
    1.3846161565841206,
    1.3250452510077138,
    1.2823378870297364,
    1.236782948040182,
    1.189745060804709,
    1.1547740170241683,
    1.1080829599279862,
    1.1026447647422712,
    1.0757030078301386,
    1.0633858375917369,
    1.0334772665907128,
    1.0000750854880738,
    0.9893639107477274,
    0.9521585921863841,
    0.9460609514187998,
    0.92371118994649,
    0.8951701574577141,
    0.9012457966280379,
    0.8860471782069353,
    0.8630289800526982,
    0.8664654937964505,
    0.8507831174394359,
    0.8353505506128815,
    0.8120143357054688,
    0.7854682775491846
  ],
  "val_loss": [
    3.4878376559857105,
    2.8876255935264554,
    2.515226041158351,
    2.2528368658010822,
    2.070948991882667,
    1.928688514506345,
    1.8122812187491129,
    1.714896688300572,
    1.6439221177266525,
    1.5709217739035342,
    1.523162412829788,
    1.4674243918266539,
    1.4174725627922464,
    1.3887615847366288,
    1.3568579568243282,
    1.3240342236869673,
    1.2930615664576692,
    1.2641036580933207,
    1.239680426028745,
    1.216513737854168,
    1.1971263014286042,
    1.1760176255403638,
    1.1540295547779793,
    1.1431291184893573,
    1.1274162524493077,
    1.110512516937666,
    1.1013398829121444,
    1.08986702807426,
    1.0746270285971176,
    1.0664013797734853,
    1.0514042617987003,
    1.0429561390897735,
    1.029793709327258,
    1.022878788771953,
    1.0114848754670367
  ],
  "test_loss": [
    3.455095734447241,
    2.8432889468967915,
    2.4716542288661003,
    2.207945516332984,
    2.0158216655254364,
    1.8681066166609526,
    1.7461870424449444,
    1.6526489090174437,
    1.5808999799191952,
    1.5061660930514336,
    1.4525142163038254,
    1.3934817258268595,
    1.3491556886583567,
    1.3195617087185383,
    1.2844784380868077,
    1.2511118035763502,
    1.2201602822169662,
    1.1958156563341618,
    1.1685613272711635,
    1.1462247306481004,
    1.1242556665092707,
    1.1023913864046335,
    1.079156612046063,
    1.0666245482861996,
    1.0478336857631803,
    1.0347458506003022,
    1.027059673331678,
    1.012167351320386,
    0.995351504534483,
    0.9914751024916768,
    0.9770152810961008,
    0.9672680739313364,
    0.957901599816978,
    0.9475440671667457,
    0.9364528022706509
  ],
  "train_acc": [
    0.11968734733756717,
    0.33390327308255985,
    0.45114802149487054,
    0.5285784074255008,
    0.5793844650708354,
    0.6021006350757205,
    0.6350757205666829,
    0.6465559355153884,
    0.6663409868099658,
    0.6814851001465559,
    0.6917440156326331,
    0.7000488519785051,
    0.7076209086468002,
    0.7171470444553004,
    0.7288715192965315,
    0.7403517342452369,
    0.7530532486565706,
    0.7410845139228138,
    0.7501221299462628,
    0.743771372740596,
    0.7469467513434294,
    0.7618466047874939,
    0.7669760625305325,
    0.7681973619931607,
    0.7752808988764045,
    0.7801660967269174,
    0.7838299951148021,
    0.782608695652174,
    0.7835857352222765,
    0.785295554469956,
    0.7882266731802638,
    0.7997068881289692,
    0.7860283341475329,
    0.794333170493405,
    0.8089887640449438
  ],
  "val_acc": [
    0.2994626282364436,
    0.43722520762090866,
    0.524181729360039,
    0.5759648265754763,
    0.5984367366878358,
    0.6145578895945286,
    0.6326331216414265,
    0.6482657547630679,
    0.6570591108939912,
    0.668295065950171,
    0.6746458231558378,
    0.6839276990718124,
    0.6893014167073767,
    0.6902784562774792,
    0.6971177332681974,
    0.7088422081094284,
    0.7073766487542745,
    0.709819247679531,
    0.7195896433805569,
    0.723009281875916,
    0.7239863214460186,
    0.7288715192965315,
    0.7352222765021983,
    0.7366878358573522,
    0.7415730337078652,
    0.7386419149975574,
    0.7386419149975574,
    0.7410845139228138,
    0.7469467513434294,
    0.7503663898387885,
    0.7523204689789936,
    0.7513434294088911,
    0.7537860283341475,
    0.7591597459697118,
    0.7596482657547631
  ],
  "test_acc": [
    0.3154296875,
    0.4619140625,
    0.560546875,
    0.609375,
    0.63720703125,
    0.65234375,
    0.669921875,
    0.6904296875,
    0.69384765625,
    0.69970703125,
    0.70458984375,
    0.71142578125,
    0.7177734375,
    0.7177734375,
    0.72119140625,
    0.7275390625,
    0.73193359375,
    0.740234375,
    0.74267578125,
    0.740234375,
    0.7490234375,
    0.75537109375,
    0.75439453125,
    0.75732421875,
    0.75634765625,
    0.76025390625,
    0.7607421875,
    0.75634765625,
    0.763671875,
    0.76513671875,
    0.76708984375,
    0.76318359375,
    0.7705078125,
    0.771484375,
    0.7734375
  ],
  "learning_rate": [
    0.0001,
    0.0001,
    0.0001,
    0.0001,
    0.0001,
    0.0001,
    0.0001,
    0.0001,
    0.0001,
    0.0001,
    0.0001,
    0.0001,
    0.0001,
    0.0001,
    0.0001,
    0.0001,
    0.0001,
    0.0001,
    0.0001,
    0.0001,
    0.0001,
    0.0001,
    0.0001,
    0.0001,
    0.0001,
    0.0001,
    0.0001,
    0.0001,
    0.0001,
    0.0001,
    0.0001,
    0.0001,
    0.0001,
    0.0001,
    0.0001
  ]
}