{
  "train_loss": [
    4.271786726214097,
    3.557669185695266,
    2.945039772556419,
    2.416345038877561,
    1.9961282142383854,
    1.6718600828821157,
    1.4243363743592428,
    1.2314661694085476,
    1.0767468816487453,
    0.9538959475569918,
    0.8461692377189688,
    0.7708959694192884,
    0.6986323185647239,
    0.6446281711270184,
    0.5999644945817396,
    0.5568483869622961,
    0.5106155227089021,
    0.4736264910299602,
    0.4407404211013563,
    0.41383725611477523,
    0.3919630146384763,
    0.3625759985689192,
    0.3469457414072202,
    0.3257505155273572,
    0.31270302439760916,
    0.28391613876406135,
    0.27892638490324667,
    0.26419421501956336,
    0.25397635556659176,
    0.24068475117552962
  ],
  "val_loss": [
    3.896607557621943,
    3.274684004860502,
    2.7561265624437206,
    2.301497908178981,
    1.938531754595743,
    1.6967484375646653,
    1.4674504589440476,
    1.317552143967204,
    1.1645427393691972,
    1.0575332022551858,
    0.9725179817249091,
    0.8952103187004764,
    0.8335174369008354,
    0.7658416282332812,
    0.7384182680916891,
    0.6967585516313721,
    0.660839393480149,
    0.6211856806575233,
    0.5938528371136772,
    0.5648218926477269,
    0.553330011815051,
    0.5252170917693149,
    0.4989540265371698,
    0.4897940030724582,
    0.46837603683348217,
    0.45102911807585766,
    0.45035034863612217,
    0.4269321905471781,
    0.41879743116334056,
    0.39831201310674913
  ],
  "test_loss": [
    3.926178928464651,
    3.3097571469843388,
    2.7872057147324085,
    2.3275853116065264,
    1.9540531672537327,
    1.7052892372012138,
    1.4764604028314352,
    1.3201078912243247,
    1.1616837196052074,
    1.0545818777754903,
    0.9675925029441714,
    0.8885819697752595,
    0.8282617582008243,
    0.7561169327236712,
    0.7305320426821709,
    0.6890267711132765,
    0.6530502610839903,
    0.610465407371521,
    0.5853886655531824,
    0.5570982187055051,
    0.5444042016752064,
    0.5155478017404675,
    0.49052626290358603,
    0.4809543581213802,
    0.4590204223059118,
    0.43962561595253646,
    0.4408251994755119,
    0.41813433286733925,
    0.40894518233835697,
    0.38632632978260517
  ],
  "train_acc": [
    0.10625305324865657,
    0.3136297020029311,
    0.4934049829018075,
    0.6086956521739131,
    0.7171470444553004,
    0.7586712261846604,
    0.8085002442598925,
    0.8339032730825598,
    0.8595505617977528,
    0.8712750366389839,
    0.8937469467513435,
    0.9013190034196384,
    0.9064484611626771,
    0.9154860771861261,
    0.9201270151441133,
    0.9284318514899853,
    0.9350268685881779,
    0.9406448461162678,
    0.9450415241817294,
    0.9465070835368833,
    0.9487054225696141,
    0.9533463605276014,
    0.9565217391304348,
    0.9557889594528578,
    0.961895456765999,
    0.9658036150464093,
    0.9643380556912555,
    0.9684904738641915,
    0.9692232535417684,
    0.9675134342940889
  ],
  "val_acc": [
    0.2427943331704934,
    0.3883732291157792,
    0.5031753786028335,
    0.618466047874939,
    0.6790425012212995,
    0.727894479726429,
    0.764533463605276,
    0.7845627747923791,
    0.8104543234000977,
    0.8299951148021495,
    0.8456277479237909,
    0.8563751831949193,
    0.8661455788959452,
    0.8764044943820225,
    0.8783585735222277,
    0.8842208109428432,
    0.8895945285784074,
    0.8920371275036639,
    0.8959452857840743,
    0.8993649242794333,
    0.9008304836345872,
    0.903761602344895,
    0.9066927210552027,
    0.9052271617000488,
    0.9125549584758182,
    0.9101123595505618,
    0.9106008793356131,
    0.9154860771861261,
    0.9159745969711773,
    0.9184171958964338
  ],
  "test_acc": [
    0.2138671875,
    0.37109375,
    0.50146484375,
    0.62646484375,
    0.69091796875,
    0.73828125,
    0.7744140625,
    0.7978515625,
    0.81689453125,
    0.83251953125,
    0.8408203125,
    0.85302734375,
    0.865234375,
    0.87646484375,
    0.876953125,
    0.8818359375,
    0.88623046875,
    0.89111328125,
    0.89697265625,
    0.89599609375,
    0.8994140625,
    0.90478515625,
    0.91064453125,
    0.90771484375,
    0.916015625,
    0.91650390625,
    0.9140625,
    0.921875,
    0.92578125,
    0.927734375
  ],
  "learning_rate": [
    5e-05,
    5e-05,
    5e-05,
    5e-05,
    5e-05,
    5e-05,
    5e-05,
    5e-05,
    5e-05,
    5e-05,
    5e-05,
    5e-05,
    5e-05,
    5e-05,
    5e-05,
    5e-05,
    5e-05,
    5e-05,
    5e-05,
    5e-05,
    5e-05,
    5e-05,
    5e-05,
    5e-05,
    5e-05,
    5e-05,
    5e-05,
    5e-05,
    5e-05,
    5e-05
  ]
}