{
  "train_loss": [
    4.543329940287148,
    4.272984337212693,
    4.0177615851265776,
    3.771740996319315,
    3.5383710184502615,
    3.3257125017988898,
    3.130599438649128,
    2.940736738134141,
    2.7605226388138333,
    2.612592940337494,
    2.4588506539740327,
    2.3330702461378716,
    2.2026527907479143,
    2.0875288989990004,
    1.9991511857154374,
    1.8951050594019552,
    1.8050133357935554,
    1.7214174387102077,
    1.645675025396249,
    1.583689481151005,
    1.512478216718218,
    1.4536156692211373,
    1.3947612915495633,
    1.34331005278831,
    1.3111103513966436,
    1.2588925905558441,
    1.2099202576939163,
    1.1655301624353072,
    1.1311366396760965,
    1.0951050923228205
  ],
  "val_loss": [
    4.362865349462572,
    4.09683474693056,
    3.854534759251269,
    3.624604326256555,
    3.4008818209666303,
    3.194907906816014,
    3.0038944386713786,
    2.829327251017822,
    2.6720259202417656,
    2.5245205285669132,
    2.3962048214706027,
    2.275409918618773,
    2.164397621364435,
    2.063989003344053,
    1.9690008193734918,
    1.8830422920078898,
    1.8043421445733812,
    1.7345022776677774,
    1.6665285015082907,
    1.6098339520958964,
    1.5484064074335997,
    1.495615737404425,
    1.4452678039706388,
    1.4004950444757736,
    1.3571606261822207,
    1.3182137995507,
    1.2818314280810448,
    1.2399677653165928,
    1.2081292761088467,
    1.1784116153199904
  ],
  "test_loss": [
    4.389620289206505,
    4.122333884239197,
    3.883178662508726,
    3.657153945416212,
    3.436820711940527,
    3.2342281341552734,
    3.044480636715889,
    2.871250167489052,
    2.713480193167925,
    2.565609823912382,
    2.4356746189296246,
    2.3134412802755833,
    2.1996856424957514,
    2.0960135515779257,
    1.9983919449150562,
    1.9094039797782898,
    1.828374158591032,
    1.7549803499132395,
    1.6850865799933672,
    1.6263317372649908,
    1.5619491524994373,
    1.5066809114068747,
    1.4541954770684242,
    1.4070627726614475,
    1.3617668207734823,
    1.3211839562281966,
    1.283945764414966,
    1.2408919790759683,
    1.2081340961158276,
    1.1770068230107427
  ],
  "train_acc": [
    0.03444064484611627,
    0.1487542745481192,
    0.3036150464093796,
    0.4394235466536395,
    0.5244259892525648,
    0.5691255495847581,
    0.6155349291646312,
    0.6424035173424524,
    0.6692721055202736,
    0.6895456765999023,
    0.7129946262823644,
    0.7261846604787494,
    0.7420615534929165,
    0.7508549096238397,
    0.7581827063996092,
    0.7691744015632633,
    0.778456277479238,
    0.7879824132877381,
    0.8019052271617001,
    0.8014167073766487,
    0.8148510014655593,
    0.8187591597459697,
    0.8234000977039571,
    0.8299951148021495,
    0.8299951148021495,
    0.8370786516853933,
    0.8439179286761114,
    0.8475818270639961,
    0.8580850024425989,
    0.8590620420127015
  ],
  "val_acc": [
    0.08500244259892525,
    0.2711284807034685,
    0.4054714215925745,
    0.4836345872007816,
    0.5354176844162188,
    0.5676599902296043,
    0.5959941377625794,
    0.6179775280898876,
    0.6326331216414265,
    0.646800195407914,
    0.6570591108939912,
    0.666829506595017,
    0.6751343429408891,
    0.6893014167073767,
    0.6980947728382999,
    0.7078651685393258,
    0.7181240840254031,
    0.7322911577918906,
    0.7366878358573522,
    0.7459697117733268,
    0.7532975085490963,
    0.7601367855398143,
    0.7689301416707377,
    0.776257938446507,
    0.7791890571568149,
    0.7845627747923791,
    0.7904250122129947,
    0.7933561309233024,
    0.7987298485588666,
    0.8041035661944309
  ],
  "test_acc": [
    0.0625,
    0.25341796875,
    0.38720703125,
    0.4658203125,
    0.52392578125,
    0.56103515625,
    0.5908203125,
    0.61181640625,
    0.634765625,
    0.654296875,
    0.66455078125,
    0.68017578125,
    0.69091796875,
    0.70068359375,
    0.71142578125,
    0.7236328125,
    0.73095703125,
    0.7451171875,
    0.748046875,
    0.7568359375,
    0.7666015625,
    0.77197265625,
    0.77685546875,
    0.7841796875,
    0.787109375,
    0.796875,
    0.80224609375,
    0.80615234375,
    0.810546875,
    0.8134765625
  ],
  "learning_rate": [
    5e-05,
    5e-05,
    5e-05,
    5e-05,
    5e-05,
    5e-05,
    5e-05,
    5e-05,
    5e-05,
    5e-05,
    5e-05,
    5e-05,
    5e-05,
    5e-05,
    5e-05,
    5e-05,
    5e-05,
    5e-05,
    5e-05,
    5e-05,
    5e-05,
    5e-05,
    5e-05,
    5e-05,
    5e-05,
    5e-05,
    5e-05,
    5e-05,
    5e-05,
    5e-05
  ]
}