{
  "train_loss": [
    4.276954747667299,
    3.5514459346758196,
    2.939263614142995,
    2.4116677801144317,
    2.0022431163014467,
    1.6827484399560724,
    1.4280429405879556,
    1.231852222199433,
    1.0777804496582974,
    0.9691047939837241,
    0.8567698063591834,
    0.7707141514050418,
    0.7060331688110107,
    0.648205143885899,
    0.6033613477384514,
    0.5603325849168757,
    0.5083681725850033,
    0.47766005660943656,
    0.4484377957491043,
    0.4156477889551089,
    0.3912570166133588,
    0.3742340683325594,
    0.35064117573329046,
    0.33053230266776035,
    0.31140117771636,
    0.28997478899457246,
    0.27980926348252244,
    0.2642246917596257,
    0.2517268978710808,
    0.2414210288770384
  ],
  "val_loss": [
    3.911139328420366,
    3.312851149219388,
    2.7867676950863762,
    2.3261552216893704,
    1.9735741925111443,
    1.710511883818119,
    1.4938095562272848,
    1.3308607855830823,
    1.192295580942222,
    1.0897359553930173,
    0.9884636847636266,
    0.9251651701603393,
    0.8447138600426298,
    0.8029381713753044,
    0.7514485806212171,
    0.7099443431534183,
    0.6816694760357512,
    0.6331253606747812,
    0.6131613000346557,
    0.593376743950725,
    0.5661105888613155,
    0.5337507326718244,
    0.5261726704934311,
    0.5109501857552577,
    0.49434807764126953,
    0.48188163145728735,
    0.46683938208008374,
    0.4552392120994937,
    0.4413391889801361,
    0.43022855640214774
  ],
  "test_loss": [
    3.880002450197935,
    3.2715895399451256,
    2.740480173379183,
    2.281875878572464,
    1.9328349083662033,
    1.672202106565237,
    1.45545544475317,
    1.2923144772648811,
    1.154466467909515,
    1.0508995242416859,
    0.950766577385366,
    0.8866576552391052,
    0.805836851708591,
    0.7626422899775207,
    0.7114941631443799,
    0.673601265065372,
    0.6421932079829276,
    0.5959970508702099,
    0.5760171297006309,
    0.5544587289914489,
    0.5279865963384509,
    0.49825040088035166,
    0.48719741054810584,
    0.47140252054668963,
    0.45625792746432126,
    0.44471338437870145,
    0.4290994773618877,
    0.41816594381816685,
    0.40373335452750325,
    0.3924993958789855
  ],
  "train_acc": [
    0.12945774303859306,
    0.31289692232535415,
    0.5,
    0.6240840254030289,
    0.6971177332681974,
    0.7567171470444553,
    0.8136297020029312,
    0.8395212506106497,
    0.8678553981436248,
    0.8756717147044455,
    0.8900830483634588,
    0.9035173424523694,
    0.9066927210552027,
    0.9174401563263312,
    0.9179286761113825,
    0.9215925744992672,
    0.9335613092330239,
    0.9389350268685882,
    0.9396678065461651,
    0.9491939423546654,
    0.9462628236443575,
    0.9482169027845627,
    0.9533463605276014,
    0.9572545188080117,
    0.9606741573033708,
    0.9601856375183195,
    0.9660478749389351,
    0.9650708353688324,
    0.9706888128969223,
    0.9723986321446019
  ],
  "val_acc": [
    0.22960429897410845,
    0.38104543234000976,
    0.5056179775280899,
    0.6013678553981436,
    0.6780654616511969,
    0.7205666829506595,
    0.7659990229604299,
    0.7914020517830972,
    0.8128969223253542,
    0.8172936003908158,
    0.8334147532975086,
    0.8422081094284318,
    0.8529555446995604,
    0.8627259404005863,
    0.8690766976062531,
    0.877381533952125,
    0.8808011724474841,
    0.8910600879335613,
    0.8910600879335613,
    0.8954567659990229,
    0.9003419638495359,
    0.9042501221299463,
    0.903761602344895,
    0.9081582804103566,
    0.9086468001954079,
    0.907181240840254,
    0.9101123595505618,
    0.9086468001954079,
    0.912066438690767,
    0.9135319980459209
  ],
  "test_acc": [
    0.25146484375,
    0.4111328125,
    0.521484375,
    0.61474609375,
    0.68798828125,
    0.72998046875,
    0.77099609375,
    0.80419921875,
    0.82568359375,
    0.8388671875,
    0.845703125,
    0.86181640625,
    0.869140625,
    0.87939453125,
    0.88037109375,
    0.88818359375,
    0.888671875,
    0.8955078125,
    0.8974609375,
    0.89892578125,
    0.89892578125,
    0.9013671875,
    0.90673828125,
    0.908203125,
    0.91015625,
    0.91064453125,
    0.91357421875,
    0.916015625,
    0.91943359375,
    0.919921875
  ],
  "learning_rate": [
    5e-05,
    5e-05,
    5e-05,
    5e-05,
    5e-05,
    5e-05,
    5e-05,
    5e-05,
    5e-05,
    5e-05,
    5e-05,
    5e-05,
    5e-05,
    5e-05,
    5e-05,
    5e-05,
    5e-05,
    5e-05,
    5e-05,
    5e-05,
    5e-05,
    5e-05,
    5e-05,
    5e-05,
    5e-05,
    5e-05,
    5e-05,
    5e-05,
    5e-05,
    5e-05
  ]
}